parameter,mean,sd,0.025quant,0.5quant,0.975quant,mode,kld
intercept,-3.60986590385437,0.0644598975777626,-3.737362323749587,-3.6096123996205374,-3.483893548868806,-3.6091010570526123,1.420714553152999e-6
M,0.00483077485114336,0.017945410683751106,-0.030412266377207724,0.004833870218481901,0.04002303065730561,0.004841608926653862,4.859604537010609e-7
"(-1,5]",1.5428801774978638,0.030324662104249,1.483240556524454,1.542914364768812,1.6022717320354918,1.5429853200912476,9.434506292846682e-7
"(5,16]",-0.16503451764583588,0.040806327015161514,-0.24570076313239964,-0.16484738049921374,-0.08548473271773577,-0.16447176039218903,6.965047449120803e-7
"(50,65]",0.6558748483657837,0.02587035484611988,0.6050666459571143,0.6558797582815599,0.7066072318625898,0.6558918356895447,5.048624635476491e-7
"(65,85]",1.0435832738876343,0.025160714983940125,0.9941985071901454,1.043577471281883,1.0929559006756895,1.0435678958892822,4.328182611012022e-7
"(85,110]",1.417144775390625,0.04007336124777794,1.3381404530652534,1.417255381820798,1.495457384232566,1.4174792766571045,9.815231762459742e-7
Yes,0.28927862644195557,0.023017259314656258,0.24397789580006976,0.28931567106891987,0.334329244532964,0.2893916070461273,9.79718301782873e-7
F,0,NA,NA,NA,NA,NA,NA
"(16,50]",0,NA,NA,NA,NA,NA,NA
No,0,NA,NA,NA,NA,NA,NA
1,-0.007233934476971626,0.05871906876564026,-0.15572869015966667,-0.0012078957126084155,0.11497771560755354,-2.3966583830770105e-4,1.99222188755838e-6
2,-0.0014642024179920554,0.04283332824707031,-0.10506488257490341,5.230225115777595e-5,0.0939082932318653,6.570632831426337e-5,8.246047765639699e-7
3,0.012599384412169456,0.06062818691134453,-0.11022266178886907,0.0029462209687135116,0.1661915328577015,1.324410695815459e-4,1.0072729350981812e-5
4,-0.029268497601151466,0.08170248568058014,-0.2517820716188037,-0.004693871890686988,0.0989008476442434,-8.882103720679879e-4,3.7712420405993513e-4
5,0.008184386417269707,0.0678044781088829,-0.13960621057382025,0.0016906695762062786,0.17438733448142693,5.184224573895335e-4,6.338848998842196e-6
6,0.011275386437773705,0.06497465819120407,-0.12571293030002503,0.002659484101243193,0.1728202480741926,3.8525572745129466e-4,3.07995337350416e-5
7,0.028526335954666138,0.06578395515680313,-0.0729311905037952,0.00611314230291525,0.20224410101605952,-2.9147957684472203e-4,3.1495740881150314e-4
8,-0.0021914499811828136,0.062233082950115204,-0.15310154904966058,4.57312889849096e-5,0.13671937627054834,2.748562656051945e-5,3.1188868986688515e-7
9,0.0893707126379013,0.1773214191198349,-0.11435487345082226,0.016515981334519633,0.5826733984802808,0.002142626792192459,7.563177290189869e-4
10,-0.018395621329545975,0.07385129481554031,-0.21678222250858747,-0.0028451053681414797,0.11426578082760885,-1.752527168719098e-5,9.072397610089631e-5
11,-5.33206679392606e-4,0.06718330085277557,-0.16224849364722554,1.8989757143466474e-4,0.15078516471021836,1.6718135157134384e-4,1.2720426645874906e-7
12,0.08490841835737228,0.13756795227527618,-0.06700102798183458,0.02315616344859863,0.45200379302601296,0.0061028883792459965,0.002360444717695165
13,0.029771601781249046,0.07873377203941345,-0.09989306918505966,0.006983058729137022,0.2385231843181894,0.0016245609149336815,5.598492707358724e-4
14,1.4221919991541654e-4,0.057731833308935165,-0.13629755628149642,1.3683864133082958e-4,0.13293791440322988,1.347878569504246e-4,6.450189073666304e-7
15,0.022522078827023506,0.06445533782243729,-0.08912232094081786,0.005271794298368746,0.1922270797293946,9.481492452323437e-4,1.1481679861067521e-4
16,0.0038311872631311417,0.06444744020700455,-0.14340413317469053,0.0011795735259774137,0.15670344794735588,8.453604095848277e-5,1.5198067866188593e-7
17,-0.027012180536985397,0.07250325381755829,-0.22399666630070972,-0.0046545547489099046,0.08511047768858256,-0.0010655465302988887,7.446600033382943e-4
18,0.03269760310649872,0.0663067027926445,-0.052608770661588394,0.006956997527000963,0.21314221081920054,4.2558726272545755e-4,3.3078460662129983e-4
19,-0.011000201106071472,0.057761646807193756,-0.16248438154456143,-0.001262461008842872,0.09981666949069806,3.0362990219146013e-4,2.598217940607021e-5
20,-0.020715974271297455,0.072109222412109375,-0.2168085200281491,-0.0030712897972090605,0.10214409975165001,2.0553066860884428e-4,1.6817121917054624e-4
21,0.014131817035377026,0.06262493878602982,-0.11153615091378355,0.003287604681239755,0.17332627598792708,3.420238208491355e-4,2.501912139177932e-7
22,0.0194390919059515,0.06833589822053909,-0.10548673191836169,0.0035579011589828187,0.1997528059311791,2.1929493232164532e-4,5.948479716686361e-5
23,0.02244151383638382,0.09154029935598373,-0.1502557776064677,0.003647177246555746,0.2630804577709921,4.080460639670491e-4,3.0384274836297003e-5
24,-0.003430204698815942,0.07088357210159302,-0.17939518601019258,3.193824154159785e-4,0.15022112280626748,1.9092464935965836e-4,3.4720465474908204e-7
25,-0.004348105750977993,0.06285092234611511,-0.16337905316244392,1.7297851568445766e-4,0.12786229406258895,4.8688723472878337e-4,2.5584656706291713e-6
26,0.04061071574687958,0.08601760119199753,-0.06949402426394567,0.007760027937437568,0.2768250263836984,-4.1976242209784687e-4,4.3916958823344166e-4
27,0.038460612297058105,0.07876360416412354,-0.06182604120470951,0.007946682753149518,0.25367879706642904,4.2487744940444827e-4,5.091981480357961e-4
28,0.02914273552596569,0.06942001730203629,-0.08233851478131118,0.007057638901044671,0.21103641215027633,7.493014563806355e-4,6.76276832409917e-4
29,-0.013811892829835415,0.07771710306406021,-0.2139669960132523,-0.0020601092917656924,0.14119725533626334,6.105388456489891e-5,4.692159452914348e-5
30,0.04826997220516205,0.08358344435691833,-0.05124834052967869,0.012727780600847088,0.2711438060554845,0.0033036794047802687,3.539792828159455e-4
31,0.005971885751932859,0.060762807726860046,-0.1325247734516054,0.002005908510372156,0.14962621961209238,3.14507691655308e-4,1.911783491631981e-6
32,0.01297803781926632,0.05856165662407875,-0.10522950085500471,0.0030930299984916858,0.16148019609225708,3.059370210394263e-4,7.545884527254579e-7
33,-0.02152152918279171,0.06582743674516678,-0.19930833136952283,-0.0032163653936257454,0.08825987721323782,-2.3278701701201499e-4,4.3376539806869695e-6
34,0.014236897230148315,0.06407952308654785,-0.11197077163657101,0.0030170229967494064,0.17929087437259852,2.42940746829845e-4,5.016022555952488e-7
35,0.039870139211416245,0.06298229098320007,-0.0366296788000173,0.012716547607411793,0.20193457937028167,0.0030811454635113478,0.0020630488532284216
36,0.003967454191297293,0.05344467610120773,-0.12076602412077787,0.0015749414445131275,0.1278734026671921,1.1308769171591848e-4,5.484354649118602e-8
37,-0.01177341677248478,0.05323342978954315,-0.15239094993055435,-0.0016316661697086746,0.08790842418747537,8.457379590254277e-5,1.2379082496925657e-7
38,0.029724661260843277,0.06598363071680069,-0.06723403440725079,0.006325099456061425,0.20553968969399602,-6.440740544348955e-4,4.181808173293064e-5
39,0.003930992912501097,0.05665948987007141,-0.12888237134286423,0.0016298025948922488,0.1349232151818139,1.499543577665463e-4,1.1138875498538305e-7
40,0.01443423517048359,0.055685002356767654,-0.09219194039630406,0.002698370996526256,0.15878829777042225,2.3482674441765994e-4,2.13073877334039e-5
41,-0.029425453394651413,0.07673942297697067,-0.23796232244806528,-0.005239486454055496,0.08730637265730568,-0.0012796729570254683,0.0011276694861102297
42,-0.030264340341091156,0.06850564479827881,-0.21730970044026943,-0.005331688543427998,0.06229352650121145,0.0014273998094722629,5.442026000508481e-4
43,0.09156796336174011,0.12274978309869766,-0.03218823181955452,0.03577080751025212,0.39961668767166847,1.487619592808187e-4,0.007406450189423607
44,0.07392813265323639,0.1140465959906578,-0.05616456830246032,0.02320800950242035,0.3721484505843691,0.005987950600683689,0.004713374063420492
45,0.06985262781381607,0.09788435697555542,-0.022521936265699094,0.019674185619540034,0.3176040770845747,0.001274922164157033,1.0411223702706416e-4
46,0.07772362977266312,0.1067737340927124,-0.03913092858367416,0.030320496101893066,0.34841420672768425,0.0028413794934749603,0.011494875963586542
47,0.09777379035949707,0.13860638439655304,-0.02743303907155531,0.020857398174131306,0.4509487053368974,0.002737017348408699,3.030536126023241e-4
48,0.06985914707183838,0.0975455790758133,-0.015028972462018203,0.015908281068904476,0.3179921097594747,0.0044563570991158485,0.0040361420562892575
49,0.03645200654864311,0.07812643051147461,-0.07031613362187666,0.007508120608103991,0.24763431760492474,-5.052728811278939e-4,1.8510624250942702e-4
50,0.04357142001390457,0.07037969678640366,-0.04272160543533764,0.013383706742901173,0.22572323566409988,0.0034322403371334076,0.001618718572534315
51,0.01965958997607231,0.07004790753126144,-0.11638348257021525,0.004153691361036275,0.19842476095648423,4.4717799755744636e-4,3.9411003365245195e-5
52,0.06239219754934311,0.08723115921020508,-0.019623566446617238,0.01765354389968707,0.2833545976417837,0.0011449438752606511,1.8980763478528614e-4
53,0.044391270726919174,0.08804836869239807,-0.0639807688801368,0.009368687209988395,0.2851306387398047,0.0012232421431690454,5.038875196215487e-4
54,0.026666225865483284,0.07451295852661133,-0.11092647764400357,0.007182276536455912,0.21519480932229926,0.001531721674837172,2.3750306564282106e-4
55,0.07103655487298965,0.09941338747739792,-0.019599849161729216,0.01833709747414807,0.3249312682709499,0.0014636677224189043,5.6706434829791865e-5
56,0.06942799687385559,0.097378209233284,-0.03887633924656837,0.02606330037424808,0.3168065736438171,0.003275369293987751,0.009554162654032625
57,0.07608697563409805,0.10704737156629562,-0.021777702044493058,0.019375870968497584,0.34946630180559024,0.0018426894675940275,1.959005193797269e-6
58,0.07836450636386871,0.11243051290512085,-0.047120167355542156,0.027900045421207192,0.3672298749697271,0.005479905754327774,0.009559067755384055
59,0.07467857003211975,0.10275236517190933,-0.01634436658508928,0.01741226862461745,0.3331235921484711,0.004521023482084274,0.0028160024447773362
60,0.05377703532576561,0.08832333236932755,-0.05425644051159258,0.015961962366732266,0.28391494944025775,0.004248219542205334,0.0013942007929467516
61,0.09113820642232895,0.12327366322278976,-0.02613377422822792,0.028945110561148776,0.40313385601872787,7.012109272181988e-4,0.0030465997397559046
62,0.0891924574971199,0.12277694046497345,-0.046615595785851144,0.03517104465982628,0.40019723542768654,0.004031098447740078,0.011969818428235707
63,0.088080495595932,0.12729787826538086,-0.016966411674002813,0.019179532753064624,0.4188435632219895,0.0063596139661967754,0.008992944983270308
64,0.06863158196210861,0.1038888469338417,-0.04840161587530907,0.022135601580605235,0.3394461364786375,0.005423336289823055,0.005705616265651334
65,0.0843561515212059,0.1135750487446785,-0.025259218468328515,0.028751881816124404,0.37111825603942367,3.6504457239061594e-4,0.004121810330065111
66,0.04342154785990715,0.08009751886129379,-0.053548106245398006,0.010443553166793525,0.2596081565576272,0.002344743348658085,3.96623388960694e-5
67,0.08616924285888672,0.11814337968826294,-0.04348124582176688,0.03427601045293915,0.3859255947837086,0.0037744224537163973,0.012484394490836971
68,0.039431385695934296,0.06924067437648773,-0.04992778136489301,0.010996664430574416,0.22078227545009263,0.0026806346140801907,1.6639070531754372e-4
69,0.06397577375173569,0.09021157771348953,-0.01892964857357729,0.015624891875144126,0.29288739990426277,0.0020139890257269144,2.3598776300531778e-4
70,-0.0705014318227768,0.09881781786680222,-0.32439916934192775,-0.02656221007326202,0.03698156273610814,-0.004791500512510538,0.013547445302068088
71,-0.024019714444875717,0.08513004332780838,-0.24828540116021489,-0.004916136638658187,0.13174214708532228,-2.0619001588784158e-4,1.6687688078572023e-5
72,-0.04566361382603645,0.10553999245166779,-0.32429369910923483,-0.010471147321637897,0.11640458949833024,1.45635538501665e-4,0.001180474552949902
73,-0.10867947340011597,0.13869881629943848,-0.4558499134035772,-0.05142618795881965,0.034282175410016574,-6.723863771185279e-4,0.019471286156840354
74,-0.054407455027103424,0.09581597149372101,-0.31189707300893976,-0.012945656501824512,0.058340819823687357,-0.003394761588424444,1.908656355186966e-4
75,-0.07266902923583984,0.10568571835756302,-0.3439280499715209,-0.024892964420290112,0.046556612320515084,-0.005035021807998419,0.008532998844229867
76,-0.002500863978639245,0.06926558166742325,-0.16783202682398096,-2.6315094455854875e-4,0.15469609228518316,-1.1814854224212468e-4,8.06047020565615e-8
77,-0.08296965062618256,0.11925031244754791,-0.3844732124754365,-0.02771308040822435,0.04999470111747489,-0.0024993224069476128,0.0062656388444974655
78,-0.09436206519603729,0.12777145206928253,-0.4164169586764476,-0.03831184760930786,0.04371927370172084,-0.0023764404468238354,0.013286178431253324
79,-0.0010420811595395207,0.08655374497175217,-0.20387099534799075,-4.304169837052252e-4,0.19879279865706054,-3.384799128980376e-5,8.241174875694957e-7
80,0.02583855763077736,0.07012146711349487,-0.0917301169326435,0.006149324576539387,0.21129952476290892,0.0013719112612307072,4.557397524775509e-4
81,-0.014562399126589298,0.06181912496685982,-0.17877295893726813,-0.0022075267355280963,0.0994162710742613,-1.5375902876257896e-4,3.4555859162456806e-5
82,-0.054803166538476944,0.09797408431768417,-0.32110257225991956,-0.012506717962972334,0.05625074251565433,-0.0032619042322039604,8.251541119832302e-5
83,-0.03608915954828262,0.08218061923980713,-0.25929481034925606,-0.006899956788303525,0.07800709740688812,0.0013686326565220952,0.0011133144291357224
84,0.017531972378492355,0.09104979038238525,-0.16639894660309468,0.003762782512545391,0.24917545736543212,-5.571511428570375e-5,5.88407278817385e-5
85,-0.013762304559350014,0.07234697788953781,-0.198723977600202,-0.0020949124678305477,0.1310958413071495,1.925209362525493e-4,6.195123337667061e-5
86,-0.05018274113535881,0.08720985054969788,-0.28745454009463467,-0.011496154724300822,0.04535091363548885,-0.003037559799849987,3.857492134700419e-4
87,-0.050839271396398544,0.09081371873617172,-0.29948714277717753,-0.011326724448046527,0.049109629567083785,-0.0029245195910334587,8.99182653578297e-5
88,0.006581089925020933,0.08300606161355972,-0.1809398404500093,0.0019080582210104936,0.2054376695342571,-1.809033528843429e-5,5.398348695853867e-7
89,-0.08839599788188934,0.12000472098588943,-0.39004950827110524,-0.03531395381020446,0.04094276573964341,-0.0017014561453834176,0.01206391759482002
90,-0.09974466264247894,0.137029230594635,-0.4459092178239535,-0.02414843187685073,0.02408191798149631,-0.0010781030869111419,8.797183243034953e-4
91,0.026890462264418602,0.07601117342710495,-0.1001845029013495,0.005965033469719935,0.22978559528766423,0.0010918452171608806,2.260682657472153e-4
92,-0.08074748516082764,0.11193482577800751,-0.36687400436995365,-0.03148951344332093,0.04131449481824072,-0.004986077547073364,0.014045440689625245
93,0.008473115973174572,0.07787974178791046,-0.161469311012934,0.0016504682954491118,0.1994481842743375,3.5525482962839305e-4,8.00988646694424e-7
94,0.0192435123026371,0.07471922039985657,-0.12315016273721469,0.003386952058398094,0.213743757208993,3.050701634492725e-4,4.4021238823229846e-5
95,0.019413094967603683,0.06363093107938766,-0.0909908268999926,0.0035604449830848595,0.1905389994384754,1.4603445015382022e-4,4.5015851805566e-5
96,-0.0691424310207367,0.10723162442445755,-0.35065276413987223,-0.01933028487862204,0.05160009978981549,-0.005387712270021439,0.00475635959429432
97,-0.05247084051370621,0.11817166209220886,-0.3728784089542141,-0.009887000658171212,0.11195018974716442,0.0020339058246463537,1.894595059823527e-4
98,0.03295925632119179,0.10163316875696182,-0.141661161524963,0.006601438694765652,0.3049728409124868,5.730327684432268e-4,1.0580874351532633e-6
99,-0.033804889768362045,0.10972922295331955,-0.32768183860788963,-0.005975376961328525,0.15607510199737984,-2.1709813154302537e-4,1.7032351155773237e-5
100,-0.0210109893232584,0.09921900928020477,-0.2780286721738152,-0.003474063203248629,0.1724414500663897,-2.3446118575520813e-5,1.206319334149308e-6
101,-0.02769508771598339,0.08239269256591797,-0.24963801998300164,-0.00431434769667512,0.1091143501005816,-5.15690422616899e-4,4.472300776473285e-5
102,0.038340527564287186,0.10426842421293259,-0.13305221876141038,0.008645696189578486,0.31690663487163856,0.0018566102953627706,5.131108672790756e-4
103,-0.07583212852478027,0.10877758264541626,-0.3543079388821504,-0.026938375578062924,0.045918192931372406,-0.004990922287106514,0.009861632527469459
104,-0.0660213753581047,0.1040443405508995,-0.34172714165730167,-0.01775852379604568,0.049347349532931545,-0.0050762188620865345,0.00403180561582522
105,0.07500375807285309,0.10002364963293076,-0.014807686753617863,0.018318826780530463,0.3218601315341084,0.0045297653414309025,0.0018453471052737348
106,0.06535238027572632,0.09100574254989624,-0.020282392538775507,0.018489225900324778,0.29602704571504296,9.415157255716622e-4,4.1015262543497334e-4
107,0.06254535913467407,0.08985276520252228,-0.042355206276665086,0.023412237624418037,0.2877926552757428,0.0026657194830477238,0.005490623475631111
108,0.028178226202726364,0.07289300113916397,-0.09524555941005841,0.007227860442901482,0.21835627638161906,0.0017922783736139536,6.35944404804115e-4
109,0.04163053259253502,0.08451420813798904,-0.07143770369596439,0.009349421679845996,0.2688919615489904,7.252691430039704e-4,3.29535120363599e-4
110,0.02364393323659897,0.06805725395679474,-0.09260894330648756,0.0053142540323677795,0.20439379496399676,9.11662878934294e-4,1.317840108322442e-4
111,0.0446813590824604,0.09172822535037994,-0.08012988193389084,0.01004736841583162,0.2904961595339234,5.890426109544933e-4,3.4291389175098493e-4
112,0.05861090496182442,0.08656568080186844,-0.04578269407120593,0.021230054791092006,0.27605795824739865,0.0035479855723679066,0.004300319464270385
113,0.05581901967525482,0.08956002444028854,-0.0576864643324667,0.018016387996762487,0.28499479188776516,0.004652087111026049,0.0017033866901964255
114,0.007832776755094528,0.05527062714099884,-0.11729836544341826,0.002302446503754803,0.13791653030490503,7.49901111703366e-4,1.3240988857085708e-5
115,0.014198949560523033,0.0652102380990982,-0.12038389137567648,0.00364574278394123,0.17704502933213082,3.471954260021448e-4,2.673939805020718e-6
116,0.03636511415243149,0.10754731297492981,-0.16125537537364495,0.008938641785557196,0.312353581489332,0.0014705442590638995,5.951760228588461e-5
117,0.06572633236646652,0.09101441502571106,-0.03049692628402162,0.024011086141461316,0.2942169356075729,3.0005950247868896e-4,0.004515039216916863
118,0.03724942356348038,0.08991114050149918,-0.1041351132292131,0.008718773653170763,0.27573737674671345,0.0013687781756743789,0.0010563241796726994
119,0.005642121657729149,0.0598989874124527,-0.13313771117514062,0.002103647376215838,0.1452545904245586,2.9220347641967237e-4,5.683960969957505e-7
120,0.060337502509355545,0.089188352227211,-0.04646551297536691,0.021728447193834766,0.2851978583854071,0.0037117188330739737,0.00437936522674943
121,0.031971998512744904,0.07390075922012329,-0.07966381572155813,0.00657502389103554,0.2289274601336954,-4.164988349657506e-4,4.031595222997366e-4
122,0.06571383029222488,0.0941290631890297,-0.03963133647601701,0.02348468164129046,0.3015725435179124,9.506380301900208e-4,0.002966232091386153
123,0.054037634283304214,0.07559234648942947,-0.022498554918210123,0.016573007023659818,0.24367627573710557,2.1836967789568007e-4,0.0012762483075046578
124,0.06299155950546265,0.08809038251638412,-0.033588822611178584,0.023751684112543782,0.2841953651306419,0.0010224385187029839,0.005555340692141246
125,0.035863302648067474,0.08313655853271484,-0.09410380483875802,0.008025894552179821,0.2545770941989465,-6.939673767192289e-5,5.437996198818674e-4
126,0.033537495881319046,0.06284750998020172,-0.05004826850927738,0.008700619053180227,0.1997256238118836,0.0015851964708417654,1.264979249364145e-5
127,0.019788095727562904,0.07109508663415909,-0.11376851880087202,0.0037749932396834926,0.20507148710711084,2.974442031700164e-4,4.1691203918281516e-5
128,0.06228480488061905,0.08985743671655655,-0.04141834955323054,0.022823887403789857,0.28844694210608846,0.002170051448047161,0.004704982136797691
129,0.03374960273504257,0.06554034352302551,-0.053733131309948404,0.008206504357300509,0.20848302209153882,0.0011174321407452226,8.436079953766515e-5
130,0.05604664981365204,0.0928896963596344,-0.0622041567831783,0.017138619223553815,0.29617454647796937,0.004516965243965387,9.69710482463664e-4
131,0.051853373646736145,0.09317512810230255,-0.0695279314127857,0.01411947865780764,0.2968194939494221,0.003344846423715353,4.6093003790484617e-5
132,0.07783004641532898,0.1095496267080307,-0.015571764410851868,0.017632691288782643,0.3592175979565553,0.0054056476801633835,0.005728789799405835
133,0.07030289620161057,0.09829787164926529,-0.021148856688589263,0.019481248551997697,0.3203736609081363,0.001369875273667276,1.3574751047086423e-4
134,0.06151212006807327,0.09322984516620636,-0.05106591131174175,0.021153759935973578,0.29894786497224907,0.004905883222818375,0.004181335440770066
135,-0.03529682755470276,0.0743487998843193,-0.22946929326973958,-0.008549056122787824,0.07610136419259825,-1.4713426935486495e-4,5.12948843248691e-5
136,-0.10274165868759155,0.14100658893585205,-0.45918737498745843,-0.038300780032589174,0.04425292395382838,-6.403144216164947e-4,0.006125484585733847
137,-0.0646243616938591,0.0918610543012619,-0.2952255145404549,-0.022178078715223433,0.03443795677156446,-2.9303450719453394e-4,0.0018282659907955367
138,-0.035755712538957596,0.0883847251534462,-0.26089695034772414,-0.009439030386622693,0.11802515472375422,-0.002379534300416708,5.825478656369763e-4
139,-0.07883518189191818,0.1112188920378685,-0.35953245026066977,-0.028234750057416824,0.042309650955533865,-0.001160557847470045,0.004469556468033259
140,-0.06795632839202881,0.09614022821187973,-0.30995344540094827,-0.023765617129943323,0.036276081160337315,-6.501789903268218e-4,0.003253472186521668
141,-0.06395306438207626,0.09702984243631363,-0.31147269493804647,-0.021160127973423835,0.05193803989248452,-0.004414267372339964,0.003212062063795708
142,-0.06375396251678467,0.09906455129384995,-0.3176258909284956,-0.020053583237151174,0.05661128517319995,-0.004929479211568832,0.0024870924362111677
143,-0.09613871574401855,0.1322745680809021,-0.4304027005650251,-0.03456619952174469,0.0405762067126228,-3.314692585263401e-4,0.004987962597107973
144,-0.048735447227954865,0.10895082354545593,-0.3350239317674491,-0.01179643856970699,0.11871471682406437,0.00067712756572291255,8.022986309526997e-5
145,-0.07668261975049973,0.10816920548677444,-0.3486885170050137,-0.02660832949348854,0.0386012720312838,-3.9685724186711013e-4,0.0027486814412262285
146,-0.04676681011915207,0.09439987689256668,-0.29604988921366004,-0.010203529730947757,0.0862013624646559,-9.586851228959858e-4,1.4400972051783426e-4
147,-0.07183557003736496,0.10886168479919434,-0.3499400679531491,-0.02363424417323918,0.057411961033314834,-0.004952520132064819,0.003383562026297948
148,-0.064205102622509,0.09722550213336945,-0.31161442912083787,-0.02130384442557224,0.05209490112790502,-0.004203466232866049,0.003054413933924728
149,-0.06025925278663635,0.1047319546341896,-0.33509407798978247,-0.015968251745532326,0.07221308354373202,-0.004288178868591785,2.541913105274223e-4
150,-0.05111890658736229,0.1026630625128746,-0.3244222832784715,-0.010956709753291369,0.08908317208321107,-0.0011645250488072634,2.069775130474575e-4
151,-0.04758383333683014,0.1718471199274063,-0.49360636489565557,-0.010375065862955134,0.2761862306549756,-6.797516252845526e-4,1.4292129792453818e-4
152,-0.053121283650398254,0.11578627675771713,-0.3595996230765526,-0.011813124904583375,0.11695118350321212,7.425817893818021e-4,2.1387395407067322e-5
153,-0.04874837026000023,0.0999869555234909,-0.316105894380371,-0.009950241567822121,0.08805410785609089,-6.112557020969689e-4,2.548286744256008e-4
154,-0.0493537038564682,0.09143510460853577,-0.2905691675739185,-0.012106269349849333,0.07134856333296365,-0.0027141785249114037,1.5476215048870583e-5
155,-0.051004067063331604,0.13242243230342865,-0.3925574273122997,-0.01209839675459528,0.17820273133040002,-0.0034536775201559067,7.561952065860914e-4
156,-0.04826724901795387,0.097362220287323,-0.3065640243358747,-0.010385445510203352,0.08660101748852453,-0.0010112148011103272,1.8660944121896578e-4
157,-0.055388208478689194,0.11335930228233337,-0.3588864343786842,-0.011289042632751115,0.09863935061377918,-7.455633603967726e-4,2.708225762994513e-4
158,-0.003898015944287181,0.07680857181549072,-0.17312214518326188,-0.0023988150756237303,0.18418712049710498,-7.279770215973258e-4,5.562117663428776e-7
159,-0.019488072022795677,0.07938524335622787,-0.2171921126210864,-0.0048344608432239426,0.14317546442331835,-8.13997641671449e-4,2.173579299265694e-5
160,0.0027745270635932684,0.08161401003599167,-0.1652769542810077,-0.0012803963896541315,0.21303060708912108,-5.039178649894893e-4,2.8562194408186803e-6
161,-0.02463492937386036,0.06844267249107361,-0.19719000414949617,-0.006735693071129683,0.10269052597562445,-0.001593325985595584,1.6095678057093804e-4
162,-0.03319980949163437,0.07229268550872803,-0.22097505737934894,-0.008589024777242844,0.07987223781834203,1.0023640061262995e-4,1.1986294606850705e-5
163,-0.024780474603176117,0.08772174268960953,-0.24634333412733075,-0.006408565439638109,0.14799696217004718,-7.098553469404578e-4,2.7097572976793414e-5
164,-0.03528191149234772,0.08071616291999817,-0.24418221862130599,-0.009239748488825951,0.09511524362202747,1.4911316611687653e-5,2.1822123815633428e-4
165,-0.049223076552152634,0.10444808751344681,-0.32854097578062064,-0.0097741340929305,0.0976251098391108,2.651340328156948e-4,1.4656514503807007e-4
166,-0.010393009521067142,0.06335975974798203,-0.15898493463433105,-0.0037751090002629073,0.13322494304095067,-8.744081133045256e-4,1.1054465012134626e-5
167,-0.059480998665094376,0.09782916307449341,-0.31398154651554555,-0.01689793889127284,0.061675855879430405,-0.004661880433559418,0.0010938357069448833
168,-0.004521242342889309,0.07518650591373444,-0.16989728609096266,-0.0024295866227991795,0.17957109309353658,-6.362413405440748e-4,1.3793806359788194e-6
169,-0.02380622923374176,0.09148283302783966,-0.25459312983482674,-0.005838069854825035,0.15861084969242942,-7.048619445413351e-4,5.126817154379754e-5
170,-0.08933297544717789,0.1347111016511917,-0.4363486167942769,-0.02929030719581136,0.06692050063554153,-0.006754564121365547,0.004552201682153714
171,-0.07841061055660248,0.11535817384719849,-0.37191805550242296,-0.02718589706758206,0.05482004135770613,-0.00424280297011137,0.004488814734027149
172,-0.07448223978281021,0.10553448647260666,-0.3405670658986597,-0.026383597992565892,0.04119285326763021,-0.001120327622629702,0.0040075850489431335
173,-0.07969581335783005,0.11531808227300644,-0.37167865211305556,-0.028013278131005237,0.051270756016908975,-0.002595085883513093,0.00438695045604399
174,-0.08017919212579727,0.11986594647169113,-0.386130799023152,-0.026807450181420868,0.05976702353823188,-0.005016967188566923,0.0039597002022137215
175,-0.08338712155818939,0.11780755966901779,-0.3811126558351448,-0.030270815564554306,0.045884796962383886,-0.0015725427074357867,0.0050378374691054
176,-0.09023532271385193,0.12588439881801605,-0.40836337311162424,-0.03318633306539568,0.044467295080914196,-0.0011770572746172547,0.005513307697589832
177,-0.051137104630470276,0.09233341366052628,-0.2940177965166675,-0.012992772132715567,0.06903485877900865,-0.003210251685231924,3.323111728420583e-5
178,-0.0342087559401989,0.08181583881378174,-0.24422354608208963,-0.009057964009100968,0.10386183694602713,-0.0013904126826673746,5.290689240968656e-4
179,-0.0234487596899271,0.07247064262628555,-0.2045561678399675,-0.006677167424928451,0.11745727060242586,-0.0010804577032104135,9.250676173268996e-6
180,-0.045252710580825806,0.08497287333011627,-0.27015515129825396,-0.010873324051238663,0.06752509742550822,-0.002266030991449952,3.1187985139033945e-5
181,-0.04009442776441574,0.08053155988454819,-0.25163305585527906,-0.009100304095685768,0.07479633930045256,-9.434050298295915e-4,1.1740477471581471e-4
182,-0.0496366061270237,0.09384942799806595,-0.29908821884232584,-0.01165217350055197,0.07349139517872223,-0.002377905882894993,6.150056300464543e-5
183,-0.04072350263595581,0.0776849016547203,-0.24412635949498085,-0.009881024559696722,0.06695781318883938,-0.0018299834337085485,3.602881127498991e-5
184,-0.04833785817027092,0.09017018973827362,-0.2857182073619403,-0.011831330429015456,0.07214424064941681,-0.002551228040829301,1.9086673125569796e-5
185,-0.02852793224155903,0.07716868817806244,-0.22465611318925624,-0.007219056344532352,0.1115172085875851,-0.0018936747219413519,3.459122926280306e-4
186,-0.03423253074288368,0.07950476557016373,-0.23861344155437103,-0.009131714997697191,0.0971595328585316,-4.933291347697377e-4,3.681564538438771e-4
187,-0.03192170709371567,0.0771174430847168,-0.2290141217171033,-0.008503579282542351,0.09986755886814719,-0.0016145301051437855,5.764215343269461e-4
188,-0.03958364948630333,0.08928561955690384,-0.2723548576540006,-0.009937688592143144,0.1003921313653568,4.0650807204656303e-4,1.835760156349087e-4
189,-0.03574158996343613,0.08644870668649673,-0.25693473944995215,-0.009393541461675488,0.11139699054413882,-0.0019168261205777526,7.474547599930232e-4
190,-0.030830295756459236,0.07044019550085068,-0.2113396461603732,-0.008343489849376853,0.08533445534300693,-1.0110541916219518e-4,2.0573572870364546e-4
191,-0.027995221316814423,0.07709521800279617,-0.2243202559229051,-0.007111801582741183,0.11256534532099369,-0.0017605709144845605,2.4703910884786313e-4
192,-0.05478418990969658,0.0856492817401886,-0.2747231072729492,-0.017055539937990458,0.0496626730571304,-0.004321045242249966,0.00229967213776211
193,-0.036432910710573196,0.07957188785076141,-0.24372777181595054,-0.009101031941579293,0.0863446102580214,2.494079526513815e-4,1.4303063808391095e-5
194,-0.06650328636169434,0.11264070123434067,-0.3616434503467646,-0.018101379663195985,0.07354503998359349,-0.005012099631130695,5.885140439219443e-4
195,-0.07061131298542023,0.13982556760311127,-0.44739639384682156,-0.014875511686789918,0.11163183719797831,-0.0019249722827225924,2.475875541499374e-4
196,-0.0715508908033371,0.12659649550914764,-0.4058078347960613,-0.01830066968571247,0.08858244770171164,-0.004631186835467815,1.1855762837802413e-4
197,-0.07493731379508972,0.1186056137084961,-0.3810264284909417,-0.022451779829034027,0.06909376320395919,-0.005870805121958256,0.0020209239110654913
198,-0.08125699311494827,0.12268031388521194,-0.3949856031185378,-0.02639778060772756,0.06280324656622407,-0.005221555009484291,0.003452885342332873
199,-0.06696945428848267,0.09129703044891357,-0.29944400949487726,-0.02733457957866719,0.032242203665132085,-0.003571456065401435,0.015239453941573819
200,-0.05958035588264465,0.09933323413133621,-0.32582492326726326,-0.014940429849052743,0.05172660665008108,-0.004281242843717337,0.0013764476575460483
201,-0.04339119791984558,0.08350691199302673,-0.27076523477388126,-0.009135130471356653,0.058157451363872695,-0.0017274286365136504,2.8669235499152127e-4
202,-0.0522574819624424,0.09246974438428879,-0.3031157556789589,-0.012166854604449932,0.05255431955392373,-0.003273370675742626,1.4993651952453356e-4
203,-0.046211495995521545,0.08139750361442566,-0.26509406919422773,-0.011105835125488052,0.049362941971669225,-0.0030149274971336126,1.8410551268086624e-4
204,-0.03826276585459709,0.07704070210456848,-0.2505706873180721,-0.007282716260138163,0.054215239462744244,-8.625714690424502e-4,8.484362811515718e-4
205,-0.04876143857836723,0.08359798043966293,-0.27192712210800424,-0.012105651278554959,0.049154829144039056,-0.0033636516891419888,5.774310660521731e-4
206,-0.03574862331151962,0.07542090117931366,-0.24129429374789219,-0.006340168807192174,0.06235518351658091,1.1622302554314956e-4,5.620333399443149e-4
207,-0.030303219333291054,0.06966691464185715,-0.21178600252008675,-0.007495299112834638,0.08044127812317645,9.309140295954421e-5,5.927986280957476e-4
208,-0.048488207161426544,0.0885518342256546,-0.2901902078762485,-0.010823541511279205,0.05255684162805077,-0.0027112476527690887,4.633305543880889e-5
209,-0.019337300211191177,0.07091204822063446,-0.20393420378834626,-0.004029207448911443,0.11405214249824602,-2.0288638188503683e-4,0.00015196530554869876
210,-0.032680775970220566,0.07102850079536438,-0.22922150849819162,-0.004892351844908792,0.05625014407334333,9.466122137382627e-4,4.190568693941696e-4
211,-0.032439280301332474,0.06730608642101288,-0.21805356485015925,-0.005713788114068329,0.05026318217621477,-1.4495810319203883e-4,8.307865204725678e-4
212,-0.023366427049040794,0.06423412263393402,-0.19417687363269379,-0.004386360554330629,0.08312863238185648,-0.0010127286659553647,4.954536384417143e-4
213,-0.0238322913646698,0.0702047124505043,-0.2069396406603012,-0.004834945545490625,0.10090093336943541,-8.279682951979339e-4,7.490804313355602e-5
214,-0.049284759908914566,0.09386154264211655,-0.3100413514700659,-0.009936462404804045,0.0541167223880607,-0.0020629011560231447,4.1280075556776596e-4
215,-0.007255342788994312,0.06734611093997955,-0.16918990244110907,-0.001770457560079871,0.14319674441606944,-3.0185855575837195e-4,1.135264806766123e-6
216,-0.031593699008226395,0.07080892473459244,-0.21943651831357677,-0.006978758683652886,0.07363699197730669,7.926533580757678e-4,2.372227662890379e-4
217,-0.0340832844376564,0.07977940887212753,-0.2443733189660137,-0.007930829177182411,0.09006972915339063,-6.652522715739906e-4,0.001656576065273075
218,-0.016151564195752144,0.06964796036481857,-0.19457575954114306,-0.0030805530520510715,0.12107557059739465,-4.2909046169370413e-4,1.8931551752138145e-5
219,-0.03327266126871109,0.08842966705560684,-0.26194310135779575,-0.007684257184942873,0.1212785152306762,-0.0021242182701826096,5.369787574095158e-4
220,-0.032725121825933456,0.08978420495986938,-0.2641318240355346,-0.007529399411333581,0.1269845969808791,-0.0019345104228705168,3.575056325355857e-4
221,-0.025961019098758698,0.08291559666395187,-0.23831322578523453,-0.006298575639929516,0.13017314263013882,-7.399251335300505e-4,2.994010968649795e-6
222,-0.03307406231760979,0.07856982946395874,-0.234561693458683,-0.008761444694709047,0.09909974662017063,-0.0012290101731196046,5.994552640801176e-4
223,-0.027696438133716583,0.0885881632566452,-0.25519337172907075,-0.006614893733977011,0.1383760493827446,-7.516205660067499e-4,4.410531553587869e-6
224,-0.008616890758275986,0.0734681785106659,-0.18034357639642978,-0.002897481665406828,0.1607629608573617,-7.663312135264277e-4,1.1116345039572251e-6
225,-0.03693024441599846,0.07955867052078247,-0.25014342978135895,-0.007039750227962934,0.07479899323909824,5.005465936847031e-4,1.187302552328952e-4
226,-0.015986008569598198,0.06916449964046478,-0.18825812470908224,-0.0035919848605437104,0.12655122003034394,-5.689038662239909e-4,7.9825499535403e-6
227,-0.035982437431812286,0.08028072118759155,-0.24819186274696475,-0.008325795212621563,0.08536106940980265,6.550593534484506e-4,8.39177158415685e-5
228,-0.03988339379429817,0.07398388534784317,-0.2382641707763261,-0.00928440550772587,0.052601370157111915,-0.002152803586795926,4.11519288147197e-5
229,-0.04546397924423218,0.06782497465610504,-0.21805313800619813,-0.01517924146495651,0.03438323237605226,-0.0028086036909371614,0.004146441707373645
230,-0.02224338799715042,0.07110554724931717,-0.20691061908993558,-0.004811823655482862,0.1083877988361576,-4.3625119724310935e-4,1.032075090085416e-5
231,-0.04096836969256401,0.07978649437427521,-0.257924432045223,-0.008576682708419874,0.05789546394511727,-0.0014737831661477685,3.402078972224755e-4
232,-0.05132065340876579,0.0814819410443306,-0.26275668396752794,-0.014812146847489431,0.046433709839146214,-0.004014525096863508,0.002364645974980085
233,-0.007151137571781874,0.07714789360761642,-0.1904507603706821,-0.0017051236173195473,0.16818793020073178,-8.029809396248311e-5,4.477903351750951e-6
234,-0.03557731956243515,0.07901810854673386,-0.24446894267579425,-0.00810617685893739,0.08262194462925582,6.890387739986181e-4,7.38074526570702e-5
235,-0.03389642387628555,0.07293181121349335,-0.2297728556467589,-0.006192604310837138,0.06773907731403046,4.827587108593434e-4,1.4333603589434174e-4
236,-0.035164833068847656,0.08407654613256454,-0.2529831871331212,-0.008830416858555304,0.10364434512152576,-0.0015565329231321812,0.0011389605328816308
237,-0.01775386929512024,0.06907713413238525,-0.19364073036525867,-0.004020727511349145,0.11841501643994579,-4.525955009739846e-4,7.297430951427441e-5
238,-0.028333596885204315,0.07525543123483658,-0.2203084142552176,-0.0069969131533569075,0.10667234578667495,-0.0019477879395708442,4.1831752542239795e-4
239,-0.03175747022032738,0.0640958696603775,-0.2010447110371811,-0.0069369509744548405,0.058832134546019196,-6.80461700540036e-4,1.563839329505783e-4
240,-0.031146733090281487,0.07437607645988464,-0.22089778337927937,-0.00837299141249864,0.09555830128362416,-0.0013420733157545328,5.736261249834236e-4
241,-0.010632742196321487,0.06685928255319595,-0.16536173019685677,-0.003954181974206448,0.14289202102049423,-0.0010028007673099637,1.6138252813292396e-5
242,-0.033919572830200195,0.07846620678901672,-0.23902643618834318,-0.008450349598986329,0.0908612336687591,-5.276973752188496e-5,4.909828787794633e-4
243,-0.016510384157299995,0.10703086853027344,-0.2751629560951398,-0.004960649376554641,0.2184386050048409,-0.0012758288066834211,3.9242556643559034e-5
244,-0.02377413399517536,0.07083459198474884,-0.20575918618671252,-0.005607530758328785,0.1066325674767121,-9.412022773176432e-4,4.583610007645629e-5
245,-0.02299702726304531,0.0817943587899208,-0.2315188351074509,-0.005596344026447302,0.1357035914699162,-5.358497728593647e-4,6.222428916129999e-5
246,-0.01950696110725403,0.07194779068231583,-0.20002853218074415,-0.005057257253911705,0.12447088957313374,-5.764119559898973e-4,3.728161716347019e-5
247,-0.02032637596130371,0.08088036626577377,-0.22451943414511,-0.004762700027251664,0.14182981700929032,-6.878791027702391e-4,4.363190466688625e-5
248,-0.041189342737197876,0.08831903338432312,-0.2818646900648786,-0.007015464055393217,0.07554682732581942,5.992131773382425e-4,3.6114403655445985e-4
249,-0.023273879662156105,0.08179350942373276,-0.23273700316376963,-0.0055387691969144386,0.13405254656299612,-4.984473343938589e-4,6.616967497044763e-5
250,-0.01669439673423767,0.065195731818676,-0.17959267484255867,-0.0042222291710375375,0.11598334909139874,-5.644697230309248e-4,2.3384616656714832e-5
251,-0.03152107074856758,0.06753480434417725,-0.2101475684322881,-0.006995979187649163,0.06738472144926186,1.8905980687122792e-4,5.961270494339306e-5
252,-0.010760089382529259,0.064765565097332,-0.17491194662861217,-0.0021054264728096496,0.12189740742830477,-2.8283041319809854e-4,5.549325163330555e-5
253,-0.021998204290866852,0.06598606705665588,-0.20127229175990255,-0.0032626476183597874,0.08539793123413152,-3.004328173119575e-4,2.1481409027960868e-5
254,-0.01427976880222559,0.061186790466308594,-0.16917915730980818,-0.0029564058174295534,0.10854368607072545,-4.4795044232159853e-4,1.6154053677015735e-5
255,-0.013944113627076149,0.08922529965639114,-0.2380632710506027,-0.0031079266063365144,0.17175557814007467,-6.753902416676283e-4,6.27512200278204e-5
256,-0.0026860670186579227,0.06310965120792389,-0.1489539761867717,-8.767515504628509e-4,0.14535817392379322,-2.925123553723097e-4,1.226862348247665e-7
257,-0.010043776594102383,0.08974185585975647,-0.2294564751898452,-0.002263136992187195,0.18663455395856102,-4.506178665906191e-4,4.578036030680266e-7
258,-0.021041521802544594,0.0639156699180603,-0.1918102538162072,-0.0034874220164005203,0.08809973749966107,-3.6482803989201784e-4,1.5238910597891028e-5
259,0.07954955846071243,0.11141600459814072,-0.040832216113378075,0.028976528829624607,0.3582102148515525,6.480926531367004e-4,0.0036119749461900556
260,0.0513412170112133,0.07926791161298752,-0.049060958116766626,0.01774624862890906,0.2508668465548874,0.003978554625064135,0.0024901522896663506
261,0.08268223702907562,0.11552735418081284,-0.0271323791717953,0.024081426849406187,0.37492357588615877,0.0012587230885401368,3.3551347236996255e-4
262,0.06998638808727264,0.09809945523738861,-0.02618424898177961,0.021032108103159135,0.31679696637829047,0.001056521199643612,3.073664441664908e-4
263,0.07204965502023697,0.11046703159809113,-0.06115385225097644,0.02410059508515859,0.3542257923429205,0.00532830273732543,0.0031475750388461864
264,0.047079507261514664,0.08225683122873306,-0.06225011976778952,0.01373297064967266,0.2597110436347304,0.0034539212938398123,2.0212889384430693e-4
265,0.03929656371474266,0.07071498036384583,-0.06074132565649408,0.011715201044721301,0.2202075847302239,0.0025746584869921207,4.160409485873273e-5
266,0.05670760199427605,0.0897902101278305,-0.05680734257557597,0.018641313468017805,0.2855256347518711,0.004611370153725147,0.0019157644054822263
267,0.056195586919784546,0.09482529014348984,-0.06436235765118942,0.01660652246648845,0.3026216808995137,0.004405584651976824,6.936410646575346e-4
268,0.04495035111904144,0.08006010204553604,-0.06362436113516991,0.01294731394836528,0.2518342789176298,0.0030927977059036493,7.862642848262681e-5
269,0.0528186671435833,0.0911794975399971,-0.06600932064665002,0.01544834581436072,0.28958277621776674,0.0039491429924964905,3.1547119340975035e-4
270,0.06866925209760666,0.09608271718025208,-0.030647726201340902,0.022710785173102432,0.3098416182609067,3.648048732429743e-4,0.0017104103459339975
271,0.07035237550735474,0.09741261601448059,-0.029293879309602602,0.02423291927744061,0.3149286546129458,2.946812310256064e-4,0.002728218246696055
272,0.0716734305024147,0.10419557243585587,-0.04983659625508004,0.026076289232495338,0.33441363580707423,0.0032629049383103848,0.004749334524653422
273,0.08441402018070221,0.1174144372344017,-0.03959860948714779,0.030430515736405234,0.37880076480446256,3.937262517865747e-4,0.0035018945595911392
274,0.06120350956916809,0.08946213126182556,-0.045491909939378336,0.022382250929961656,0.2857746232957997,0.0033903857693076134,0.00486715223492197
275,0.041512131690979004,0.08106780052185059,-0.07403343552378006,0.010839192542155901,0.25282399603240724,0.0015466964105144143,8.908102981482809e-5
276,0.05909492075443268,0.10133153945207596,-0.07042030229831403,0.017105809536605156,0.32338232729575667,0.004449332132935524,4.213924882844125e-4
277,0.07980947941541672,0.12111622840166092,-0.06426599843528852,0.02697562784128789,0.390252560569164,0.006180975120514631,0.004126934131500681
278,0.030681531876325607,0.09955966472625732,-0.16361287914582284,0.007555277488548052,0.28107871519700156,0.0010966374538838863,3.67019862436565e-6
279,0.07374392449855804,0.10597991943359375,-0.049076619272985816,0.027296611402910093,0.3409796571084552,0.003691287012770772,0.006312443189042151
280,0.07857014238834381,0.1132984459400177,-0.051966819773106715,0.02863700970470518,0.36338378625363327,0.0025179500225931406,0.004617212842489773
281,0.07883863151073456,0.11071819067001343,-0.04402482114885299,0.029951562021873407,0.3571824221444282,0.001841051271185279,0.006120433923252795
282,0.05509953200817108,0.12475060671567917,-0.13942672000810377,0.012221328026162423,0.3810153533028909,-7.289745844900608e-4,4.1687327709705353e-4
283,0.06602775305509567,0.0936899483203888,-0.03985403352118119,0.024770924898048177,0.3005130718400798,0.0015319762751460075,0.00476886174532354
284,0.06247872859239578,0.08933234959840775,-0.03865662985587945,0.022784758593955193,0.2855861841714843,0.0010838399175554514,0.003183117625589104
285,0.09101808816194534,0.12759827077388763,-0.046184798341535105,0.03250351139111069,0.41104942966596725,5.036536604166031e-4,0.0037571336501432424
286,0.07242650538682938,0.10288986563682556,-0.04325175656187186,0.02693803811657241,0.3302760375684145,0.001551412628032267,0.004516817771462166
287,0.059574443846940994,0.10073681175708771,-0.06817418945204051,0.017516621510165607,0.3217827453840421,0.004642586223781109,6.570582811476862e-4
288,0.04175684228539467,0.0885235071182251,-0.09215149329801037,0.01012606016944878,0.2724304439463391,6.625983223784715e-5,4.98548435543273e-5
289,0.05407681316137314,0.08928077667951584,-0.06225436084439252,0.017045860650917635,0.2825830282250448,0.0043162270449101925,8.212495195266427e-4
290,0.06906813383102417,0.1051471084356308,-0.05784227292359455,0.023628942261931553,0.3370689079863156,0.0052755409851670265,0.003572730001455769
291,0.06637915223836899,0.1073966771364212,-0.06659435136737157,0.02069999892208875,0.3441292688508222,0.005454367026686668,0.0016488538659444867
292,0.059034962207078934,0.15445229411125183,-0.20748619336764768,0.015389245658112956,0.4588849057857715,0.00382490293122828,9.231922419425422e-4
293,0.048266589641571045,0.0952833741903305,-0.08558934735588261,0.012128993335936783,0.29880785579443725,0.0015256988117471337,1.2885211828974653e-4
294,0.05235939100384712,0.09127511084079742,-0.06809016410838178,0.015258063908398269,0.2889179889624159,0.003810419701039791,2.1457399473418133e-4
295,0.06690014153718948,0.10843049734830856,-0.06988628348786238,0.021030246276792577,0.3457550800581933,0.005418763030320406,0.0014203176318176563
296,0.04528329521417618,0.1048259437084198,-0.1291787038342972,0.011883055804951255,0.3134797680680932,5.668280064128339e-4,4.3031253765550385e-4
297,0.05952027440071106,0.09763310104608536,-0.06481295775861434,0.01856386968193955,0.3109321636123548,0.004848334938287735,0.0011373847508329496
298,0.056776806712150574,0.09518472850322723,-0.06532007956955314,0.017185900593711008,0.3030852448074351,0.004499462898820639,7.229161604007965e-4
299,0.10056595504283905,0.13914655148983002,-0.02299899839659189,0.02322847988878879,0.45125969609512034,0.005826636683195829,0.0026169381302975653
300,-0.0013193204067647457,0.08925146609544754,-0.21152597283542146,-6.213193467131243e-4,0.20415242602918385,-1.4500260294880718e-4,1.1632480884510028e-8
08776e5f-c289-414a-8f45-117a3a90c181,0.1846388429403305,0.21021579205989838,-0.22460406442078085,0.1833997746319347,0.6003552936665357,0.180917888879776,1.1809110333471036e-7
0f1bb771-1a7f-4fb9-9434-1dbad8fd0f07,0.7522773742675781,0.15697911381721497,0.4244081916022847,0.75958423655808,1.0416888963364053,0.7756731510162354,1.240821208087434e-6
0f3642b8-921b-40d4-8bd8-f8a8874df64b,0.11892789602279663,0.13536831736564636,-0.10073275536332746,0.09976745020567136,0.43464621046407015,0.06981833279132843,1.0411785215450392e-6
12335ea7-2ccd-4729-9c05-1dbb4f9e07bc,-1.5634702444076538,0.24247585237026215,-2.0411959502886012,-1.562969416126081,-1.088907024229409,-1.561923861503601,1.7056345511206987e-6
13b6a869-bd9c-48c2-9e2a-4779572d0e66,-0.7562122941017151,0.18397335708141327,-1.1130789983838194,-0.7578074288048473,-0.3904088200039911,-0.7609480619430542,2.424010087434051e-7
15b39ce4-97e2-4f75-986d-d0120c628875,-0.22211435437202454,0.09334782510995865,-0.40892665226064606,-0.22141599806243417,-0.03972109150034353,-0.22027814388275146,1.211746262319395e-7
167af080-8650-11e6-93e4-0050568a1344,-0.5016838908195496,0.18969418108463287,-0.8745082097744354,-0.5016003279905227,-0.12966534950719721,-0.5014111995697021,2.3393678529414863e-8
167b0a4e-8650-11e6-93e4-0050568a1344,-0.3169875144958496,0.1583806276321411,-0.610861135168756,-0.32375621971104523,0.014858939208859445,-0.3367602527141571,4.836079114571643e-7
167bfdbe-8650-11e6-93e4-0050568a1344,0.46788647770881653,0.16570931673049927,0.13801033975013666,0.46930202911511903,0.7896161126493736,0.47213372588157654,5.372502232980331e-7
167c8263-8650-11e6-93e4-0050568a1344,0.007033972535282373,0.11616016179323196,-0.22208745624510606,0.0072196491861350074,0.23483655890633198,0.007565053179860115,6.351929692794409e-8
167cb900-8650-11e6-93e4-0050568a1344,0.27323436737060547,0.10994815826416016,0.039714827648490464,0.2800696060292719,0.4722038026392192,0.29515478014945984,1.3999035974839914e-6
167d3ad6-8650-11e6-93e4-0050568a1344,-0.41180509328842163,0.130668506026268,-0.6771037335078939,-0.40881576526208424,-0.16299252501569642,-0.40276849269866943,5.582579414163108e-7
167de04d-8650-11e6-93e4-0050568a1344,-1.2229171991348267,0.21950064599514008,-1.6516664836756616,-1.2237880161844112,-0.7897467343491671,-1.2255064249038696,5.605040793531908e-7
167e4772-8650-11e6-93e4-0050568a1344,-0.07782214879989624,0.19121426343917847,-0.4551785227615649,-0.07724432551560886,0.2959366844240341,-0.07611227035522461,7.093445150591093e-8
167e4a94-8650-11e6-93e4-0050568a1344,0.34014320373535156,0.161570206284523,0.0744314781790355,0.31862721896859825,0.7087385174297804,0.28032544255256653,1.1803438130288135e-6
167e5d24-8650-11e6-93e4-0050568a1344,0.04939662665128708,0.11806195229291916,-0.16141084509834208,0.041100969806910526,0.30613959774984445,0.02563617005944252,6.646757153330583e-7
167e8969-8650-11e6-93e4-0050568a1344,0.6469727754592896,0.15420542657375336,0.2903667795695837,0.6753217704333874,0.8855126694427193,0.7216944098472595,2.22602211177323e-6
167e9787-8650-11e6-93e4-0050568a1344,0.7593690156936646,0.10945745557546616,0.5350496545560829,0.7620421627436815,0.9678096194780014,0.7666553854942322,3.76319401613974e-7
167ef4cc-8650-11e6-93e4-0050568a1344,0.3503792881965637,0.11571943759918213,0.11103217279814678,0.3547059773155644,0.5662592612592505,0.36395499110221863,1.1349887532092378e-6
167fcf3a-8650-11e6-93e4-0050568a1344,-1.0235885381698608,0.16554275155067444,-1.358949792612402,-1.020188205199013,-0.7073547118334212,-1.013566493988037,3.763150303971354e-7
1680232d-8650-11e6-93e4-0050568a1344,0.006234113126993179,0.11903972178697586,-0.2125813992623676,8.867414431662154e-5,0.26045373239704667,-0.011025600135326385,5.895111763266133e-7
1684d170-8650-11e6-93e4-0050568a1344,-0.20356465876102448,0.13745926320552826,-0.5106367473994853,-0.19168001831067322,0.036788082690274504,-0.17169584333896637,1.482250862068149e-6
1684ea10-8650-11e6-93e4-0050568a1344,0.26665565371513367,0.1409832388162613,-0.016599830129212012,0.2688035689779451,0.5378806073775069,0.27313753962516785,4.992920414647787e-7
1684eb18-8650-11e6-93e4-0050568a1344,-0.1985979825258255,0.10726317018270493,-0.4175513854771642,-0.1961067367105519,0.00580829054157278,-0.1917186975479126,3.163349990550955e-7
1684f774-8650-11e6-93e4-0050568a1344,0.27670806646347046,0.13560952246189117,0.02072715001582459,0.27259773305059165,0.5564285071804838,0.2647418677806854,3.738640187044202e-7
168530de-8650-11e6-93e4-0050568a1344,0.5139659643173218,0.21430310606956482,0.08779344195810884,0.5157395551539917,0.929976858741572,0.5193254351615906,4.427454063793689e-7
16853ce2-8650-11e6-93e4-0050568a1344,-1.6774765253067017,0.2970329225063324,-2.2659110978458554,-1.675759640825804,-1.0990017969433703,-1.6722692251205444,5.322208716925566e-6
16853ed7-8650-11e6-93e4-0050568a1344,0.4286188781261444,0.125041663646698,0.19309186210738918,0.42434239389184913,0.6891196629678558,0.4164707064628601,4.212802665079198e-7
16859f81-8650-11e6-93e4-0050568a1344,-0.13217392563819885,0.13902699947357178,-0.3789092886540583,-0.14268765977861436,0.1701548663119098,-0.1633506715297699,8.218919432461747e-7
1685d1fd-8650-11e6-93e4-0050568a1344,-0.15927600860595703,0.11213149130344391,-0.38079473449649726,-0.1590049887291581,0.06044457610979387,-0.15849889814853668,7.593888890603559e-8
16861f2e-8650-11e6-93e4-0050568a1344,1.5460398197174072,0.11512833088636398,1.3213773877467252,1.5454877545018542,1.773581129588933,1.5444351434707642,1.515875069373247e-7
16862b0c-8650-11e6-93e4-0050568a1344,0.09972577542066574,0.11088080704212189,-0.1256794125365231,0.10216606217911454,0.3113116194021827,0.10680205374956131,4.572713773533276e-7
16865d91-8650-11e6-93e4-0050568a1344,0.16753768920898438,0.11550372838973999,-0.05578673881960286,0.1657623196891819,0.4013273323712566,0.16222484409809113,1.6885212299048131e-7
16868936-8650-11e6-93e4-0050568a1344,0.03436340019106865,0.11238935589790344,-0.17811997770850616,0.0311120016306387,0.26640396451612386,0.025421010330319405,2.0832399896858662e-7
1686963a-8650-11e6-93e4-0050568a1344,-0.2685588300228119,0.1499662697315216,-0.6076036987840798,-0.24701174158492462,-0.02481407995105883,-0.20638957619667053,1.9967077163152245e-6
1686c8f5-8650-11e6-93e4-0050568a1344,-0.8863875269889832,0.22040830552577972,-1.3180398416791061,-0.8868421189279801,-0.45261719202287504,-0.8877226710319519,2.948458220527995e-7
1686c9df-8650-11e6-93e4-0050568a1344,0.35058337450027466,0.10785584896802902,0.13121138296642468,0.3529391598319857,0.5565078090276241,0.3573276698589325,4.4465180567124284e-7
1686d7d9-8650-11e6-93e4-0050568a1344,0.24289077520370483,0.11037524044513702,0.02301735236875982,0.2414741689837036,0.4720217657979404,0.23950818181037903,5.400156743119917e-8
1686d888-8650-11e6-93e4-0050568a1344,-0.03096143715083599,0.13631008565425873,-0.3042099154247011,-0.02930991658667464,0.23261464476066307,-0.02627541311085224,2.0786723305025805e-7
1687187d-8650-11e6-93e4-0050568a1344,-0.1114695742726326,0.1526351422071457,-0.4644319322743205,-0.08351662652284533,0.12481092458652909,-0.03767498582601547,2.2177701118464136e-6
16871b22-8650-11e6-93e4-0050568a1344,-0.46007025241851807,0.15181005001068115,-0.7490425805817383,-0.46346580320553915,-0.15106006107264208,-0.4698712229728699,2.483362434470683e-7
16872fae-8650-11e6-93e4-0050568a1344,0.2161221206188202,0.1214887723326683,-0.01515037948890291,0.21315558871767312,0.4650809165897387,0.20763544738292694,2.485009124346136e-7
1687af81-8650-11e6-93e4-0050568a1344,0.6561779379844666,0.12211237102746964,0.3831235646260936,0.6718452515937635,0.8592983308586315,0.702973484992981,1.8800578693522704e-6
1687c42d-8650-11e6-93e4-0050568a1344,0.29628318548202515,0.16011971235275269,-0.030850437604822978,0.3005339301335268,0.5997170507254498,0.30893152952194214,6.525458685626044e-7
1687e286-8650-11e6-93e4-0050568a1344,-0.03673044219613075,0.15152636170387268,-0.3422689196664712,-0.03394587238262183,0.2534943995426579,-0.028166435658931732,5.594689960112766e-7
1687f6ee-8650-11e6-93e4-0050568a1344,-0.30792948603630066,0.15030694007873535,-0.582241107021995,-0.31614016705072023,0.010797746461181534,-0.33281210064888,7.855689815000177e-7
1687fba0-8650-11e6-93e4-0050568a1344,0.7424437403678894,0.12028603255748749,0.48422077398961516,0.7497204983016542,0.9606467861816649,0.7634660601615906,1.3685382358929527e-6
16880d1d-8650-11e6-93e4-0050568a1344,1.2303647994995117,0.11317690461874008,1.0114140289432363,1.2291179349721273,1.4566820895269998,1.2268389463424683,1.2032570918170415e-7
16885917-8650-11e6-93e4-0050568a1344,-0.053901977837085724,0.20143283903598785,-0.4259926647713385,-0.06312184816390247,0.36997048372381136,-0.08075563609600067,5.102381764433101e-7
16886497-8650-11e6-93e4-0050568a1344,0.13380317389965057,0.12256951630115509,-0.10556378798211169,0.1332842519678148,0.37584836887701434,0.13230016827583313,4.066871639655362e-8
168895b4-8650-11e6-93e4-0050568a1344,0.04862195625901222,0.1507728546857834,-0.2531913645535243,0.05044590648831242,0.34006931139429397,0.0540761761367321,6.037062254930205e-7
1688ebe0-8650-11e6-93e4-0050568a1344,-0.27975529432296753,0.1248968169093132,-0.5240066862819257,-0.28016196858449777,-0.03346130330891761,-0.2809319794178009,3.5609414800682223e-8
1be5b4ee-fbb9-4418-a280-05153ea9f152,-0.8545690178871155,0.2016381174325943,-1.252125222159332,-0.8540791928466852,-0.4601318414073807,-0.8531148433685303,5.5625360595567956e-8
1d2d68a3-0583-47b4-9aba-cbdf405dd253,0.30249330401420593,0.1343488097190857,0.048685045037972,0.29867406569602684,0.577964358644309,0.29103216528892517,3.7745595234556115e-7
1f244dd7-ce06-4782-8352-18485e0a2bad,0.0721241682767868,0.1538505107164383,-0.2234232809054958,0.06977010021055137,0.3819276249170654,0.06547809392213821,9.814883306919874e-8
25b257e2-cb11-43a0-b979-ce6882639b84,-0.19112977385520935,0.16100890934467316,-0.4842409154295007,-0.2001044414711647,0.15265097491934126,-0.21705316007137299,5.669621078641935e-7
2c698f0b-f5fc-452b-bbb5-46fa67d10c18,0.0393054261803627,0.1731172502040863,-0.2955222672845443,0.03741325364107904,0.38511654298355447,0.03378292918205261,1.5506476560990225e-7
2eea9d72-b430-4229-b61f-77b68754f59e,-0.6620714664459229,0.20722779631614685,-1.0574217184684072,-0.6663134003110258,-0.24210981610756666,-0.6747342348098755,4.563115713502599e-7
2f70ff18-2d15-4830-9837-b6b2a3dac43f,-0.2504090368747711,0.12060385197401047,-0.47334587884285145,-0.2558806894345344,0.0028026475698808007,-0.2666155695915222,5.475289134746294e-7
30f14db2-dae8-400f-a2f4-efb62482cc8e,0.1297435462474823,0.10103346407413483,-0.06700358015214239,0.1290574032185386,0.3302947416171296,0.1277787685394287,8.039086669451938e-8
321ccdeb-dc09-4362-8d68-cc507971f530,1.4709941148757935,0.10853666812181473,1.245477145592837,1.4748286412683347,1.674272598770943,1.4820005893707275,9.163969930784689e-7
3293316e-d36c-45e6-88cc-b33187d6b9ed,-0.39601945877075195,0.12356678396463394,-0.6370725171096298,-0.3967561173888269,-0.15088027390474557,-0.39806991815567017,2.5854817124840732e-8
343da615-4bf8-4802-bf13-3ef069b55119,0.06194523349404335,0.12469223141670227,-0.204279234895818,0.06976679492305889,0.2873253889360512,0.08604072779417038,1.3463623009316265e-6
38e1bd84-7ac7-4172-94cd-a1a4352cdb44,-0.8514920473098755,0.4552384614944458,-1.7555957922065402,-0.8482782463514275,0.03403362712592495,-0.8418298363685608,5.893094835945391e-6
3a3a682a-0f56-4ef6-9761-0c149ef46333,-0.12780502438545227,0.10531079769134521,-0.33284365988016873,-0.12851776943273435,0.08117957639194978,-0.1298479586839676,6.730100024854107e-8
3c8e681a-9de7-4fc5-8b54-3308fd77d2aa,0.31716030836105347,0.13385483622550964,0.056746912274597605,0.3159210605841627,0.5845773637658439,0.31339946389198303,1.0535502302654758e-7
40516ed6-286c-48dd-853b-0e6380b8442d,-0.23068447411060333,0.12841473519802094,-0.48947076763599723,-0.2289518596996886,0.017711908749455496,-0.22597774863243103,8.671524280743032e-8
47e32d7e-2707-4cbc-98a0-8048446c0f60,0.7264925241470337,0.17569462954998016,0.42427728590779085,0.7089698228753835,1.1166611170339753,0.6756080985069275,9.528554036491727e-7
488b2fbc-fbb2-4cf6-9e7d-60289c537e41,-0.11123809218406677,0.12449899315834045,-0.38121275890615713,-0.10276612551928016,0.112300093457261,-0.08704715222120285,1.1136501456019337e-6
4dec7ba5-4230-491e-a235-4d4227946a9a,-0.4072228670120239,0.11317361146211624,-0.628362931461569,-0.40768372075945336,-0.18371314200747776,-0.4085487723350525,5.046137129613578e-8
4ee3ad71-9e70-4e9c-aaa4-4de9b23c8529,-0.23046563565731049,0.16117975115776062,-0.5630112482259659,-0.22505189240863435,0.0718482439991096,-0.21414683759212494,8.005747534246555e-7
5597fa3c-0af7-4956-ba31-4b4bf77db9e4,-0.7418965101242065,0.1756381094455719,-1.083188902010296,-0.7433120311653968,-0.392447832025962,-0.7458574771881104,8.090551916626807e-8
58a09bc8-8d7c-40f3-8427-83bb19ec030e,-0.17353326082229614,0.19681036472320557,-0.548166438846447,-0.17789600077443535,0.22583066554404863,-0.1869218945503235,4.090759920783685e-7
590dd5d9-e5ef-433d-a575-2111f82df6bf,0.29786258935928345,0.12653324007987976,0.04692710482572221,0.2985269309671903,0.5447384628790258,0.29974859952926636,1.0505097227102734e-7
5997933e-21d4-49fc-b73f-a806ab2e0edb,-0.2929764986038208,0.16973598301410675,-0.6139185293555525,-0.29765827149568286,0.055226458971389836,-0.30652278661727905,3.199719671540685e-7
5c6b3874-e1e0-43c1-9e8f-0d1cbead2769,0.13376784324645996,0.13122890889644623,-0.15336328835193125,0.14645148900731625,0.3604750388113993,0.17359404265880585,1.6315206316161728e-6
5ccf8de7-dc5d-45e9-a396-a52796e66199,-0.3060595393180847,0.17560814321041107,-0.6404096105801373,-0.30994959349606377,0.05068278149323008,-0.31773990392684937,3.4696554816457446e-7
5cf6a919-212c-4755-b7c4-4ff62c9cf719,0.6538133025169373,0.15725161135196686,0.341793505206261,0.654847619219371,0.9597880372153131,0.6568945050239563,3.475689725588617e-7
5fb3a5ab-81d2-45e0-bf3f-27445bc60006,-0.48538243770599365,0.11411268264055252,-0.720608042224544,-0.4816660227601809,-0.2709671843198517,-0.4742475748062134,7.1555699180749e-7
6152b578-b744-4ef7-9570-80dc0371a028,0.2844337522983551,0.12595908343791962,0.02890784779604183,0.2872453679211733,0.5244812614258848,0.2929657995700836,6.617566731349696e-7
635724ea-68c8-4ffb-a452-4af6918142d1,0.7154345512390137,0.11884158849716187,0.4713766439154939,0.7184016155416105,0.9415885121503615,0.7233554720878601,2.679826410295833e-7
64d17fa0-0d35-478d-bcb3-9b4d48f6b8fd,0.03534867987036705,0.09820230305194855,-0.1558517971454214,0.03465291944754705,0.23044361389463186,0.03336421772837639,8.732118214816635e-8
6656fc5b-e8fb-474b-a93a-003d06326051,0.46081945300102234,0.10453854501247406,0.2571988713418303,0.4601354646999082,0.6682034100176522,0.4588572382926941,7.428075245706229e-8
75484a70-6cc2-4017-8f76-97ff21707fb3,-0.1895989328622818,0.188522607088089,-0.5493841972750622,-0.1933864060205524,0.19250552695916806,-0.20064878463745117,2.4166595052833775e-7
792dac44-dcd5-4bc5-ae3c-b9d726116253,0.6147598624229431,0.10720294713973999,0.40798507198664075,0.6133274873353037,0.8301939018691313,0.6107615828514099,1.0216361463280814e-7
828cbabb-dd7d-4cbe-b30c-4fb1cc8db072,-0.11282356083393097,0.5748283863067627,-1.246181771825855,-0.11189976536360166,1.0142881916920534,-0.1100248172879219,1.322266150344492e-6
82e0034f-d3fa-4f0a-85cb-95eb9cba7ae2,1.4163310527801514,0.15134604275226593,1.1403028111530118,1.4080378920849002,1.7374485964248751,1.391283392906189,5.946968349095192e-7
8c8dc3c0-dd27-4426-a30c-364744d284c9,0.8896389007568359,0.11829841136932373,0.6284218747353243,0.8993807268696651,1.0979364515174372,0.9169262647628784,1.2729763934109174e-6
905ee4e8-ed75-488a-a9ff-c7d44bfc3b1d,-0.2483171820640564,0.1197984591126442,-0.48229385331131075,-0.2488315080010724,-0.011682676811881926,-0.2498009204864502,3.912623185253034e-8
93e0d58a-cfa7-4b19-9091-b43897aa8771,0.0545036718249321,0.13958832621574402,-0.1923140982865764,0.043495368166093736,0.3589573647517254,0.02189476415514946,9.431965123990124e-7
96dd7538-104f-454b-b575-c1793a8dfe3f,-0.3383447229862213,0.12155281007289886,-0.574166745752744,-0.3398916623572102,-0.09350051617467695,-0.3430052399635315,1.5613477765158383e-7
9d7fd107-1947-4faa-a5f6-73ed7e283424,-0.3495771288871765,0.19281499087810516,-0.7299408780102231,-0.34901424975884265,0.027302336295788265,-0.3478860557079315,7.740736453051486e-8
a5813f61-c084-42ef-963f-1d8343881313,1.264093041419983,0.13637486100196838,0.9786902748015185,1.2712470681285513,1.513793348532483,1.2881014347076416,1.5413755313060343e-6
b12e66bc-bf84-4a1d-83c2-c87e8eddae10,-0.1582779884338379,0.11937012523412704,-0.4186473781145829,-0.1500107704071691,0.05594593472191259,-0.13527095317840576,1.4372015781682944e-6
bfc8cf00-2c6f-47b0-81c6-08a164a9e450,-0.19895827770233154,0.13889376819133759,-0.4803582042234162,-0.1960129227146177,0.06611836172856117,-0.19007956981658936,5.222148663459335e-7
ce8835c8-5d38-4e79-b597-f63d54e34e99,-1.2372198104858398,0.2331310212612152,-1.6980111621092293,-1.2362284019674508,-0.78233204613976,-1.2342294454574585,2.704926662414303e-7
d3d14d04-85f9-4a6a-bf01-94074444886b,-0.9329048991203308,0.17240390181541443,-1.2711801313023525,-0.9330214426736272,-0.5942891528325469,-0.933230459690094,8.435434879394048e-8
d8e98bfa-06b8-43e5-8b16-28187bc99301,-0.37261253595352173,0.19518327713012695,-0.7558979596048367,-0.37265275654871965,0.01054440204838647,-0.3727020025253296,9.826930705096864e-9
d9a9b12a-4e6d-445c-a4a1-6678f8a6ac50,-0.1412932425737381,0.12935203313827515,-0.40427395459369614,-0.13833310991969683,0.10524358615747581,-0.13247038424015045,9.138830191719657e-7
dcc4d439-d0f0-4e3c-bc89-06447c01143e,0.06339136511087418,0.15222707390785217,-0.20210270393011298,0.04975809403826428,0.39985898551201465,0.024321457371115685,9.178075361190201e-7
dee52db4-e619-4f9c-bf45-9b9c91ee8693,0.5580622553825378,0.11315115541219711,0.3518981504040504,0.5517647107171199,0.7992057464805471,0.5395442843437195,5.864700407976094e-7
ed35e624-1113-4f58-9ea7-a119edbb3ba0,-0.8844248652458191,0.1997392624616623,-1.2823041354231948,-0.8826340021222516,-0.4968993273406257,-0.8791210651397705,1.9137741909913241e-007
f2982f79-eb93-489f-a323-ed2799f93308,-0.10737583041191101,0.15718817710876465,-0.41883722678078195,-0.10662893159073615,0.19955186807620423,-0.10518030822277069,1.4867496523393153e-7
f6c48240-83ac-4f66-a9b0-4053a63737b8,0.5637269616127014,0.10035671293735504,0.3647945046442991,0.5641239246025738,0.7601766115603598,0.5648940801620483,2.2375179584038546e-7
f7da548a-09f3-4c99-ac43-c1f75d4ae443,0.15450145304203033,0.12342966347932816,-0.08316254521041921,0.15220922040982024,0.406199467547804,0.14793594181537628,2.0923322151653569e-7
